{
    "results": [
        {
            "title": "2月6日前购票可免费退票",
            "summary": "中国国家铁路集团有限公司决定，自2020年2月6日0时起，此前在车站、12306网站等各渠道已购买的全国铁路火车票，旅客在开车前自愿改变行程需退票的，铁路部门均不收取退票手续费，购买铁路乘意险的一同办理。对无法在网上办理退票的旅客，铁路部门继续推出延长退票时限的服务措施。凡是于2月5日24时前使用现金购票或已于2月5日24时前换取纸质车票（含报销凭证）的旅客，如开车前无法到车站办理退票的，可延期至3月31日24时前办理退票；凡是火车票票面发站所在地车站进站通道关闭的，在进站通道恢复之日起30日内均可办理退票；退票须在购票地或出发地各车站办理，办理时继续免收退票费，铁路乘意险一同办理。\n",
            "infoSource": "人民网",
            "sourceUrl": "http://m.weibo.cn/2286908003/4468716953923865",
            "pubDate": 1580908609000,
            "provinceName": "全国",
            "provinceId": "100"
        },
        {
            "title": "15家医疗队齐聚 武汉江汉方舱医院正式投入使用",
            "summary": "5日下午，武汉江汉方舱医院正式交接给华中科技大学附属协和医院，这也标志着江汉方舱医院正式投入使用。方舱医院医疗队由国家医疗队和武汉医疗队组成，其中国家医疗队共9家，分别有广东、天津、浙江、海南、辽宁、河南、广西、吉大一院、广东疾控，武汉医疗队共6家，有协和医院、同济医院、武汉市第一医院、湖北省第三医院、武汉市第四医院、武汉市儿童医院。\n",
            "infoSource": "人民网",
            "sourceUrl": "http://m.weibo.cn/2286908003/4468704588872302",
            "pubDate": 1580905661000,
            "provinceName": "湖北省",
            "provinceId": "42"
        },
        {
            "title": "湖北再次紧急下达2亿补助救治场所",
            "summary": "按照湖北省新型冠状病毒感染肺炎疫情防控指挥部的工作部署，省发展改革委、省财政厅在1月31日紧急下达2亿元救治场所建设补助资金的基础上，2月5日再紧急下达2亿元资金，专项补助各地救治场所建设。省指挥部要求各地迅速将资金落实到具体项目，加快推进项目建设，抓实抓细各项工作，千方百计尽快提升救治能力。\n",
            "infoSource": "人民日报",
            "sourceUrl": "http://m.weibo.cn/2803301701/4468697442053173",
            "pubDate": 1580903957000,
            "provinceName": "湖北省",
            "provinceId": "42"
        },
        {
            "title": "贵州首例危重型患者治愈出院",
            "summary": "2月5日，铜仁市首例新冠肺炎患者经过医护人员倾尽全力的救治，各项生理指标逐渐恢复正常，复查胸部CT片显示肺部炎症已逐渐吸收，4次复查咽/鼻拭子新型冠状病毒核酸检测均呈阴性，达到出院标准。这是贵州首例危重型新冠肺炎患者治愈出院。\n",
            "infoSource": "人民网",
            "sourceUrl": "http://m.weibo.cn/2286908003/4468693662765335",
            "pubDate": 1580903056000,
            "provinceName": "贵州省",
            "provinceId": "52"
        },
        {
            "title": "武汉火眼实验室今日试运行 核酸检测日通量可达万人",
            "summary": "2月5日，武汉“火眼”实验室正式启动试运行，新型冠状病毒核酸检测日通量可达万人。“火眼”实验室仅用5天时间，完成实验室主体施工，投入运行后将提供充足的检测能力和科学依据。\n",
            "infoSource": "人民网",
            "sourceUrl": "http://m.weibo.cn/2286908003/4468688646250877",
            "pubDate": 1580901860000,
            "provinceName": "湖北省",
            "provinceId": "42"
        },
        {
            "title": "武汉出生30小时新生儿确诊新冠肺炎  专家：可能存在母婴垂直感染传播途径",
            "summary": "5日，武汉儿童医院确诊两例新生儿新型冠状病毒肺炎病例。最小的确诊宝宝出生仅30小时，该新生儿母亲为新型冠状病毒肺炎确诊患者，目前该新生儿生命体征稳定。专家提示，可能存在母婴垂直感染传播途径，应引起重视。\n",
            "infoSource": "人民网",
            "sourceUrl": "http://m.weibo.cn/2286908003/4468671793513457",
            "pubDate": 1580897842000,
            "provinceName": "湖北省",
            "provinceId": "42"
        },
        {
            "title": "天津已现14起聚集性疫情，天津聚集性疫情占确诊病例50%",
            "summary": "天津市卫健委副主任顾清5日透露，从疫情发展看，天津已出现多起聚集性疫情，而且以家庭聚集为主，呈本地扩散趋势。该市发生家庭聚集性疫情从一周前的4起，到目前发生了14起，涉及35例病例，占确诊病例数的50%。\n",
            "infoSource": "人民日报",
            "sourceUrl": "http://m.weibo.cn/2803301701/4468670913287733",
            "pubDate": 1580897631000,
            "provinceName": "天津市",
            "provinceId": "12"
        },
        {
            "title": "武汉出生30小时新生儿确诊，可能存在母婴垂直感染",
            "summary": "今天，武汉儿童医院确诊两例新生儿新型冠状病毒肺炎病例。最小的确诊宝宝出生仅30小时，该新生儿母亲为新型冠状病毒肺炎确诊患者，目前该新生儿生命体征稳定。专家提示，可能存在母婴垂直感染传播途径，应引起重视。",
            "infoSource": "央视新闻",
            "sourceUrl": "http://m.weibo.cn/2656274875/4468668508937270",
            "pubDate": 1580897059000,
            "provinceName": "湖北省",
            "provinceId": "42"
        },
        {
            "title": "贵州无新增病例死亡1例",
            "summary": "2月5日0—12时，贵州全省新型冠状病毒感染的肺炎无新增确诊病例。截至5日12时，贵州全省累计报告新型冠状病毒感染的肺炎病例64例。2月5日0-12时贵州无新增病例，死亡1例，累计确诊64例\n",
            "infoSource": "人民网",
            "sourceUrl": "http://m.weibo.cn/2286908003/4468665145157592",
            "pubDate": 1580896257000,
            "provinceName": "贵州省",
            "provinceId": "52"
        },
        {
            "title": "广州一确诊患者隐瞒病情不核查被立案侦查",
            "summary": "广州市公安局新闻办公室今天通报：2月4日，海珠区公安分局依法对余某以涉嫌妨害传染病防治罪立案侦查。余某在明知家人出入过疫情发生地、已被确诊感染新型冠状病毒肺炎，且本人检测新型冠状病毒核酸结果均呈阳性的情况下，却故意隐瞒不配合工作人员排查，导致其感染的新型冠状病毒存在继续传播的严重社会危险，其行为涉嫌妨害传染病防治罪。",
            "infoSource": "人民日报",
            "sourceUrl": "http://m.weibo.cn/2803301701/4468656044011970",
            "pubDate": 1580894087000,
            "provinceName": "广东省",
            "provinceId": "44"
        }
    ],
    "success": true
}