{
    "results": [
        {
            "infectSource": "该字段已替换为说明2",
            "passWay": "该字段已替换为说明3",
            "dailyPic": "https://img1.dxycdn.com/2020/0205/300/3394878936923352083-135.png,https://img1.dxycdn.com/2020/0205/253/3394879100132420050-135.png,https://img1.dxycdn.com/2020/0205/312/3394879301995899763-135.png,https://img1.dxycdn.com/2020/0205/356/3394879357830479001-135.png,https://img1.dxycdn.com/2020/0205/122/3394879495269001393-135.png,https://img1.dxycdn.com/2020/0205/210/3394879553251507095-135.png",
            "dailyPics": [
                "https://img1.dxycdn.com/2020/0205/300/3394878936923352083-135.png",
                "https://img1.dxycdn.com/2020/0205/253/3394879100132420050-135.png",
                "https://img1.dxycdn.com/2020/0205/312/3394879301995899763-135.png",
                "https://img1.dxycdn.com/2020/0205/356/3394879357830479001-135.png",
                "https://img1.dxycdn.com/2020/0205/122/3394879495269001393-135.png",
                "https://img1.dxycdn.com/2020/0205/210/3394879553251507095-135.png"
            ],
            "summary": "",
            "countRemark": "",
            "confirmedCount": 24433,
            "suspectedCount": 23260,
            "curedCount": 987,
            "deadCount": 493,
            "seriousCount": 3219,
            "suspectedIncr": 3971,
            "confirmedIncr": 3959,
            "curedIncr": 357,
            "deadIncr": 68,
            "seriousIncr": 431,
            "virus": "该字段已替换为说明1",
            "remark1": "易感人群：人群普遍易感。老年人及有基础疾病者感染后病情较重，儿童及婴幼儿也有发病",
            "remark2": "潜伏期：一般为 3～7 天，最长不超过 14 天，潜伏期内可能存在传染性，其中无症状病例传染性非常罕见",
            "remark3": "宿主：野生动物，可能为中华菊头蝠",
            "remark4": "",
            "remark5": "",
            "note1": "病毒：新型冠状病毒 2019-nCoV",
            "note2": "传染源：新型冠状病毒感染的患者。无症状感染者也可能成为传染源。",
            "note3": "传播途径：经呼吸道飞沫和接触传播是主要的传播途径。气溶胶和消化道等传播途径尚待明确。",
            "generalRemark": "疑似病例数来自国家卫健委数据，目前为全国数据，未分省市自治区等",
            "abroadRemark": "",
            "marquee": [],
            "updateTime": 1580911943502
        }
    ],
    "success": true
}